BEGIN TRANSACTION;
CREATE TABLE IF NOT EXISTS "Students" (
	"LastName"	TEXT NOT NULL,
	"FirstName"	TEXT NOT NULL,
	PRIMARY KEY("LastName")
);
CREATE TABLE IF NOT EXISTS "Classes" (
	"ClassCode"	TEXT NOT NULL,
	"ClassName"	TEXT NOT NULL,
	PRIMARY KEY("ClassCode")
);
CREATE TABLE IF NOT EXISTS "LabLog" (
	"NameCodeID"	INTEGER NOT NULL,
	"TimeIn"	TEXT NOT NULL,
	"TimeOut"	TEXT
);
CREATE TABLE IF NOT EXISTS "Roster" (
	"NameCodeID"	INTEGER NOT NULL,
	"LastName"	TEXT NOT NULL,
	"ClassCode"	TEXT NOT NULL,
	PRIMARY KEY("NameCodeID" AUTOINCREMENT)
);
INSERT INTO "Students" ("LastName","FirstName") VALUES ('Brookes','Gonzales'),
 ('Woodnutt','Renard'),
 ('Gurnee','Eldon'),
 ('Dimont','Candide'),
 ('Bru','Frederica'),
 ('Rickis','Cathy'),
 ('Lindegard','Curran'),
 ('Edens','Deborah'),
 ('Blitzer','Lucien'),
 ('Akehurst','Goldi'),
 ('Seine','Ranique'),
 ('Garfit','Yasmin'),
 ('Spir','Cherilynn'),
 ('Essel','Florida'),
 ('Buffham','Trefor'),
 ('Simnett','Teresita'),
 ('Healks','Gleda'),
 ('Bletso','Delmar'),
 ('Choules','Kathye'),
 ('Catley','Kyle'),
 ('Pettett','June'),
 ('Pilch','Ida'),
 ('Gillett','Tandy'),
 ('Gittis','Flynn'),
 ('Howselee','Arda'),
 ('Lightwood','Isabel'),
 ('Moreside','Riane'),
 ('Shoard','Ingunna'),
 ('Gillions','Cleon'),
 ('Shreenan','Melloney'),
 ('Griniov','Sutherland'),
 ('Gareisr','Jeremie'),
 ('Martinet','Josh'),
 ('Abatelli','Connie'),
 ('Tellenbrook','Cyndia'),
 ('Hairsine','Gardie'),
 ('Braycotton','Thadeus'),
 ('Bissill','Xylia'),
 ('Aery','Jamie'),
 ('Embra','Thelma'),
 ('Scapens','Antonius'),
 ('Chasemore','Robinett'),
 ('Mcpharlain','Jemmie'),
 ('Crinkley','Carlie'),
 ('Munford','Lilly'),
 ('Brightie','Alfredo'),
 ('Verchambre','Leone'),
 ('Kingscote','Teddy'),
 ('Kingsley','Eamon'),
 ('Wesgate','Gerald');
INSERT INTO "Classes" ("ClassCode","ClassName") VALUES ('DDG261','JPAS'),
 ('REO257','Ethical Decision Making'),
 ('SPC383','CNN Newsource'),
 ('PJM085','MVC'),
 ('QUE179','ProSystem fx Engagement'),
 ('HIQ035','JD Edwards'),
 ('QTF482','Low Voltage'),
 ('PWI192','XOG'),
 ('XJO170','Tax Returns'),
 ('ZFV442','PMO'),
 ('TJR306','Secure FTP'),
 ('IZD799','Licensing'),
 ('BZR270','DNA Repair'),
 ('OWA630','Aesthetic Surgery'),
 ('MNO960','Clarity FSR'),
 ('VWM373','Boat'),
 ('GLB013','ACLS'),
 ('WLI067','Vector Illustration'),
 ('PPQ196','ODE'),
 ('DGV100','PwC TeamMate'),
 ('VBX360','MBAL'),
 ('WGT145','IIA Standards'),
 ('DYD514','Azerbaijani'),
 ('NWF802','Gyrotonic'),
 ('EXI756','Yarn'),
 ('BIM119','Omnet++'),
 ('UQU959','Yeast'),
 ('FWM374','Microsoft Certified Professional'),
 ('YES858','Iron Ore'),
 ('VOH684','General Insurance'),
 ('AIP988','Offshore Outsourcing'),
 ('PQP005','Physical Oceanography'),
 ('PSZ533','PSpice'),
 ('QWR510','Nielsen'),
 ('MFJ432','NDM');
INSERT INTO "Roster" ("NameCodeID","LastName","ClassCode") VALUES (1,'Brookes','DDG261'),
 (2,'Brookes','REO257'),
 (3,'Woodnutt','SPC383'),
 (4,'Woodnutt','PJM085'),
 (5,'Woodnutt','QUE179'),
 (6,'Gurnee','HIQ035'),
 (7,'Gurnee','QTF482'),
 (8,'Gurnee','PWI192'),
 (9,'Dimont','XJO170'),
 (10,'Dimont','ZFV442'),
 (11,'Dimont','DDG261'),
 (12,'Bru','REO257'),
 (13,'Bru','SPC383'),
 (14,'Rickis','PJM085'),
 (15,'Rickis','QUE179'),
 (16,'Rickis','HIQ035'),
 (17,'Lindegard','QTF482'),
 (18,'Lindegard','PWI192'),
 (19,'Edens','XJO170'),
 (20,'Edens','ZFV442'),
 (21,'Blitzer','DDG261'),
 (22,'Blitzer','REO257'),
 (23,'Blitzer','SPC383'),
 (24,'Akehurst','PJM085'),
 (25,'Akehurst','QUE179'),
 (26,'Seine','QWR510'),
 (27,'Seine','VBX360'),
 (28,'Garfit','VBX360'),
 (29,'Garfit','FWM374'),
 (30,'Spir','VBX360'),
 (31,'Spir','TJR306'),
 (32,'Spir','DDG261'),
 (33,'Essel','QWR510'),
 (34,'Essel','IZD799'),
 (35,'Buffham','VBX360'),
 (36,'Buffham','FWM374'),
 (37,'Simnett','DDG261'),
 (38,'Simnett','IZD799'),
 (39,'Healks','TJR306'),
 (40,'Healks','PQP005'),
 (41,'Healks','VBX360'),
 (42,'Bletso','EXI756'),
 (43,'Bletso','PQP005'),
 (44,'Bletso','MFJ432'),
 (45,'Choules','QWR510'),
 (46,'Choules','MFJ432'),
 (47,'Catley','VBX360'),
 (48,'Catley','IZD799'),
 (49,'Catley','DDG261'),
 (50,'Pettett','TJR306'),
 (51,'Pettett','PQP005'),
 (52,'Pettett','QWR510'),
 (53,'Pilch','FWM374'),
 (54,'Pilch','TJR306'),
 (55,'Gillett','FWM374'),
 (56,'Gillett','YES858'),
 (57,'Gillett','VBX360'),
 (58,'Gittis','IZD799'),
 (59,'Gittis','MFJ432'),
 (60,'Howselee','FWM374'),
 (61,'Howselee','DDG261'),
 (62,'Howselee','PQP005'),
 (63,'Lightwood','VBX360'),
 (64,'Lightwood','IZD799'),
 (65,'Moreside','DDG261'),
 (66,'Moreside','QWR510'),
 (67,'Moreside','PQP005'),
 (68,'Shoard','TJR306'),
 (69,'Shoard','YES858'),
 (70,'Gillions','TJR306'),
 (71,'Gillions','IZD799'),
 (72,'Gillions','EXI756'),
 (73,'Shreenan','VBX360'),
 (74,'Shreenan','MFJ432'),
 (75,'Griniov','VBX360'),
 (76,'Griniov','PQP005'),
 (77,'Gareisr','IZD799'),
 (78,'Gareisr','VOH684'),
 (79,'Gareisr','VBX360'),
 (80,'Martinet','VBX360'),
 (81,'Martinet','MFJ432'),
 (82,'Abatelli','QWR510'),
 (83,'Abatelli','MFJ432'),
 (84,'Abatelli','PQP005'),
 (85,'Tellenbrook','VBX360'),
 (86,'Tellenbrook','IZD799'),
 (87,'Tellenbrook','DDG261'),
 (88,'Hairsine','EXI756'),
 (89,'Hairsine','VOH684'),
 (90,'Braycotton','FWM374'),
 (91,'Braycotton','PQP005	'),
 (92,'Bissill','TJR306'),
 (93,'Bissill','VOH684'),
 (94,'Bissill','DDG261'),
 (95,'Aery','TJR306'),
 (96,'Aery','FWM374'),
 (97,'Embra','DDG261'),
 (98,'Embra','VOH684'),
 (99,'Embra','FWM374'),
 (100,'Scapens','IZD799'),
 (101,'Scapens','VOH684'),
 (102,'Scapens','EXI756'),
 (103,'Chasemore','VBX360'),
 (104,'Chasemore','MFJ432'),
 (105,'Mcpharlain','TJR306'),
 (106,'Mcpharlain','TJR306'),
 (107,'Mcpharlain','PQP005'),
 (108,'Crinkley','VBX360'),
 (109,'Crinkley','VOH684'),
 (110,'Crinkley','VBX360'),
 (111,'Munford','DDG261'),
 (112,'Munford','PQP005'),
 (113,'Brightie','IZD799'),
 (114,'Brightie','FWM374'),
 (115,'Brightie','YES858'),
 (116,'Verchambre','EXI756'),
 (117,'Verchambre','VOH684'),
 (118,'Kingscote','VBX360'),
 (119,'Kingscote','PQP005'),
 (120,'Kingscote','DDG261'),
 (121,'Kingsley','TJR306'),
 (122,'Kingsley','MFJ432'),
 (123,'Wesgate','EXI756'),
 (124,'Wesgate','FWM374');
COMMIT;
